[
  {
    "type": "Header",
    "flags": [
      0,
      0
    ],
    "version": 1.3,
    "file_type": "Esp",
    "author": "",
    "description": "",
    "num_objects": 30,
    "masters": [
      [
        "Bloodmoon.esm",
        9631798
      ],
      [
        "Tribunal.esm",
        4565686
      ],
      [
        "Morrowind.esm",
        79837557
      ],
      [
        "Tamriel_Data.esm",
        8787443
      ]
    ]
  },
  {
    "type": "Script",
    "flags": [
      0,
      0
    ],
    "id": "TR_DisabledScamp",
    "header": {
      "num_shorts": 0,
      "num_longs": 0,
      "num_floats": 0,
      "bytecode_length": 38,
      "variables_length": 0
    },
    "bytecode": "KLUv/QBYUQEAJgAAAAYBAQkgWPAQID09IDHMEA5UUl9LZXZhYXJTaGlueTYA//8JAQEB",
    "text": "Begin TR_DisabledScamp\r\n\r\nif ( OnDeath == 1 )\r\n\tJournal \"TR_KevaarShiny\" 54\r\nendif\r\n\r\nEnd"
  },
  {
    "type": "Creature",
    "flags": [
      0,
      0
    ],
    "id": "TR_scamp",
    "data": {
      "creature_type": 1,
      "level": 5,
      "strength": 20,
      "intelligence": 20,
      "willpower": 70,
      "agility": 20,
      "speed": 6,
      "endurance": 20,
      "personality": 20,
      "luck": 20,
      "health": 45,
      "magicka": 100,
      "fatigue": 400,
      "soul_points": 100,
      "combat": 50,
      "magic": 90,
      "steath": 20,
      "attack1": [
        5,
        15
      ],
      "attack2": [
        5,
        15
      ],
      "attack3": [
        5,
        15
      ],
      "gold": 0
    },
    "name": "Scamp",
    "mesh": "r\\Scamp_Fetch.NIF",
    "script": "TR_DisabledScamp",
    "creature_flags": 72,
    "inventory": [
      [
        1,
        "random_scamp_skin"
      ]
    ],
    "spells": [
      "resist fire_50",
      "resist frost_50",
      "resist poison_75",
      "resist shock_50",
      "immune to normal weapons"
    ],
    "ai_data": {
      "hello": 0,
      "fight": 90,
      "flee": 30,
      "alarm": 0,
      "services": 10485760
    },
    "ai_packages": [
      {
        "type": "Wander",
        "distance": 1000,
        "duration": 5,
        "game_hour": 0,
        "idle2": 50,
        "idle3": 50,
        "idle4": 0,
        "idle5": 0,
        "idle6": 0,
        "idle7": 0,
        "idle8": 0,
        "idle9": 0,
        "reset": 1
      }
    ],
    "travel_destinations": []
  },
  {
    "type": "Npc",
    "flags": [
      0,
      0
    ],
    "id": "TR_Kevaar",
    "name": "Kevaar Ezran",
    "race": "Dark Elf",
    "class": "Commoner",
    "faction": "Thieves Guild",
    "head": "b_n_dark elf_m_head_07",
    "hair": "b_n_dark elf_m_hair_21",
    "npc_flags": 24,
    "data": {
      "level": 5,
      "stats": null,
      "disposition": 50,
      "reputation": 4,
      "rank": 1,
      "gold": 0
    },
    "inventory": [
      [
        1,
        "common_pants_04"
      ],
      [
        1,
        "common_shirt_05"
      ],
      [
        1,
        "common_shoes_05"
      ]
    ],
    "spells": [],
    "ai_data": {
      "hello": 30,
      "fight": 30,
      "flee": 30,
      "alarm": 0,
      "services": 0
    },
    "ai_packages": [
      {
        "type": "Wander",
        "distance": 0,
        "duration": 5,
        "game_hour": 0,
        "idle2": 60,
        "idle3": 20,
        "idle4": 10,
        "idle5": 0,
        "idle6": 0,
        "idle7": 0,
        "idle8": 0,
        "idle9": 0,
        "reset": 1
      }
    ],
    "travel_destinations": []
  },
  {
    "type": "Clothing",
    "flags": [
      0,
      0
    ],
    "id": "TR_fargothring",
    "data": {
      "clothing_type": "Ring",
      "value": 52429,
      "weight": 2.777233e-39,
      "enchantment": 50
    },
    "name": "Engraved Ring of Stamina",
    "mesh": "c\\C_Ring_expensive_1.NIF",
    "icon": "c\\tx_ring_expensive01.tga",
    "enchanting": "stamina_en",
    "biped_objects": []
  },
  {
    "type": "Cell",
    "flags": [
      0,
      0
    ],
    "id": "Seyda Neen, Lighthouse",
    "data": {
      "flags": 5,
      "grid": [
        0,
        1061158912
      ]
    },
    "water_height": 0.0,
    "atmosphere_data": {
      "ambient_color": [
        75,
        60,
        60,
        0
      ],
      "sunlight_color": [
        130,
        72,
        9,
        0
      ],
      "fog_color": [
        0,
        0,
        0,
        0
      ],
      "fog_density": 0.75
    },
    "references": [
      {
        "mast_index": 0,
        "refr_index": 1,
        "id": "TR_Kevaar",
        "temporary": false,
        "translation": [
          85.45443,
          -11.084078,
          -801.1441
        ],
        "rotation": [
          0.0,
          0.0,
          3.299999
        ]
      }
    ]
  },
  {
    "type": "Dialogue",
    "flags": [
      0,
      0
    ],
    "id": "TR_KevaarShiny",
    "dialogue_type": "Journal"
  },
  {
    "type": "Info",
    "flags": [
      0,
      0
    ],
    "info_id": "13532162121042911336",
    "prev_id": "",
    "next_id": "24729200732001520679",
    "data": {
      "dialogue_type": "Journal",
      "disposition": 0,
      "speaker_rank": -1,
      "speaker_sex": "Any",
      "player_rank": -1
    },
    "text": "Keevar Finds a Shiny",
    "quest_name": 1,
    "filters": []
  },
  {
    "type": "Info",
    "flags": [
      0,
      0
    ],
    "info_id": "24729200732001520679",
    "prev_id": "13532162121042911336",
    "next_id": "318321292125936186",
    "data": {
      "dialogue_type": "Journal",
      "disposition": 10,
      "speaker_rank": -1,
      "speaker_sex": "Any",
      "player_rank": -1
    },
    "text": "Keevar found an abandoned ring. He asked me to find it's owner.",
    "filters": []
  },
  {
    "type": "Info",
    "flags": [
      0,
      0
    ],
    "info_id": "318321292125936186",
    "prev_id": "24729200732001520679",
    "next_id": "5319341718817650",
    "data": {
      "dialogue_type": "Journal",
      "disposition": 50,
      "speaker_rank": -1,
      "speaker_sex": "Any",
      "player_rank": -1
    },
    "text": "Fargoth says he is the owner of the ring Kevaar found. I should tell Kevaar this.",
    "filters": []
  },
  {
    "type": "Info",
    "flags": [
      0,
      0
    ],
    "info_id": "5319341718817650",
    "prev_id": "318321292125936186",
    "next_id": "2228185971558430076",
    "data": {
      "dialogue_type": "Journal",
      "disposition": 52,
      "speaker_rank": -1,
      "speaker_sex": "Any",
      "player_rank": -1
    },
    "text": "I returned to tell Kevaar about the ring's owner, but found him being attacked by a scamp! He can't speak to me until I kill it.",
    "filters": []
  },
  {
    "type": "Info",
    "flags": [
      0,
      0
    ],
    "info_id": "2228185971558430076",
    "prev_id": "5319341718817650",
    "next_id": "956724736152883782",
    "data": {
      "dialogue_type": "Journal",
      "disposition": 54,
      "speaker_rank": -1,
      "speaker_sex": "Any",
      "player_rank": -1
    },
    "text": "I killed the scamp. Kevaar has calmed down enough to talk to me now.",
    "filters": []
  },
  {
    "type": "Info",
    "flags": [
      0,
      0
    ],
    "info_id": "956724736152883782",
    "prev_id": "2228185971558430076",
    "next_id": "",
    "data": {
      "dialogue_type": "Journal",
      "disposition": 60,
      "speaker_rank": -1,
      "speaker_sex": "Any",
      "player_rank": -1
    },
    "text": "Kevaar thanked me for finding the owner of the ring and has assured me he will give it to Fargoth.",
    "quest_finish": 1,
    "filters": []
  },
  {
    "type": "Dialogue",
    "flags": [
      0,
      0
    ],
    "id": "ring I found",
    "dialogue_type": "Topic"
  },
  {
    "type": "Info",
    "flags": [
      0,
      0
    ],
    "info_id": "5162168611647018739",
    "prev_id": "",
    "next_id": "283672084938262493",
    "data": {
      "dialogue_type": "Topic",
      "disposition": 0,
      "speaker_rank": -1,
      "speaker_sex": "Any",
      "player_rank": -1
    },
    "speaker_id": "TR_Kevaar",
    "text": "Have you figured out who owns the ring yet?",
    "filters": [
      {
        "slot": "Slot0",
        "filter_type": "Journal",
        "filter_function": "JournalType",
        "filter_comparison": "Equal",
        "id": "TR_KevaarShiny",
        "value": {
          "Integer": 10
        }
      }
    ]
  },
  {
    "type": "Info",
    "flags": [
      0,
      0
    ],
    "info_id": "283672084938262493",
    "prev_id": "5162168611647018739",
    "next_id": "23701247152912013706",
    "data": {
      "dialogue_type": "Topic",
      "disposition": 0,
      "speaker_rank": -1,
      "speaker_sex": "Any",
      "player_rank": -1
    },
    "speaker_id": "TR_Kevaar",
    "text": "That was quick. Are you sure you didn't have any trouble on the way? Wait. What is that? B'Vehk, look behind you!",
    "filters": [
      {
        "slot": "Slot0",
        "filter_type": "Journal",
        "filter_function": "JournalType",
        "filter_comparison": "Equal",
        "id": "TR_KevaarShiny",
        "value": {
          "Integer": 50
        }
      }
    ],
    "result": "Journal \"TR_KevaarShiny\" 52\r\nGoodbye\r\nPlaceAtMe, \"TR_scamp\", 1, 120, 3\r\nPlaySound, \"mysticism hit\""
  },
  {
    "type": "Info",
    "flags": [
      0,
      0
    ],
    "info_id": "23701247152912013706",
    "prev_id": "283672084938262493",
    "next_id": "141152910889614122",
    "data": {
      "dialogue_type": "Topic",
      "disposition": 0,
      "speaker_rank": -1,
      "speaker_sex": "Any",
      "player_rank": -1
    },
    "speaker_id": "TR_Kevaar",
    "text": "You know who it belongs to? Excellent! I'll return it to them. Don't you worry!",
    "filters": [
      {
        "slot": "Slot0",
        "filter_type": "Journal",
        "filter_function": "JournalType",
        "filter_comparison": "Greater",
        "id": "TR_KevaarShiny",
        "value": {
          "Integer": 50
        }
      },
      {
        "slot": "Slot1",
        "filter_type": "Journal",
        "filter_function": "JournalType",
        "filter_comparison": "Less",
        "id": "TR_KevaarShiny",
        "value": {
          "Integer": 60
        }
      }
    ],
    "result": "Journal \"TR_KevaarShiny\" 60\r\n\"player\"->AddItem, \"silver staff\", 1\r\n\"player\"->AddItem, \"gold_001\", 50"
  },
  {
    "type": "Info",
    "flags": [
      0,
      0
    ],
    "info_id": "141152910889614122",
    "prev_id": "23701247152912013706",
    "next_id": "2405514963276601413",
    "data": {
      "dialogue_type": "Topic",
      "disposition": 0,
      "speaker_rank": -1,
      "speaker_sex": "Any",
      "player_rank": -1
    },
    "speaker_id": "TR_Kevaar",
    "text": "Thanks for all your help finding the owner of the ring!",
    "filters": [
      {
        "slot": "Slot0",
        "filter_type": "Journal",
        "filter_function": "JournalType",
        "filter_comparison": "GreaterEqual",
        "id": "TR_KevaarShiny",
        "value": {
          "Integer": 60
        }
      }
    ]
  },
  {
    "type": "Info",
    "flags": [
      0,
      0
    ],
    "info_id": "2405514963276601413",
    "prev_id": "141152910889614122",
    "next_id": "468422235476914102",
    "data": {
      "dialogue_type": "Topic",
      "disposition": 0,
      "speaker_rank": -1,
      "speaker_sex": "Any",
      "player_rank": -1
    },
    "speaker_id": "TR_Kevaar",
    "text": "Yes! I found it in a barrel on the docks. I wonder who was lazy enough to leave it there? Ask around the town and see if anyone's missing a ring!",
    "filters": [
      {
        "slot": "Slot0",
        "filter_type": "Journal",
        "filter_function": "JournalType",
        "filter_comparison": "Less",
        "id": "TR_KevaarShiny",
        "value": {
          "Integer": 10
        }
      }
    ],
    "result": "Journal \"TR_KevaarShiny\" 10"
  },
  {
    "type": "Info",
    "flags": [
      0,
      0
    ],
    "info_id": "468422235476914102",
    "prev_id": "2405514963276601413",
    "next_id": "326625363019831701",
    "data": {
      "dialogue_type": "Topic",
      "disposition": 0,
      "speaker_rank": -1,
      "speaker_sex": "Any",
      "player_rank": -1
    },
    "speaker_id": "fargoth",
    "text": "Thank you for helping me find my ring!",
    "filters": [
      {
        "slot": "Slot0",
        "filter_type": "Journal",
        "filter_function": "JournalType",
        "filter_comparison": "GreaterEqual",
        "id": "TR_KevaarShiny",
        "value": {
          "Integer": 60
        }
      }
    ]
  },
  {
    "type": "Info",
    "flags": [
      0,
      0
    ],
    "info_id": "326625363019831701",
    "prev_id": "468422235476914102",
    "next_id": "32534235001703013738",
    "data": {
      "dialogue_type": "Topic",
      "disposition": 0,
      "speaker_rank": -1,
      "speaker_sex": "Any",
      "player_rank": -1
    },
    "speaker_id": "fargoth",
    "text": "Please go talk to Kevaar. Make him give me back my ring!",
    "filters": [
      {
        "slot": "Slot0",
        "filter_type": "Journal",
        "filter_function": "JournalType",
        "filter_comparison": "Equal",
        "id": "TR_KevaarShiny",
        "value": {
          "Integer": 50
        }
      }
    ]
  },
  {
    "type": "Info",
    "flags": [
      0,
      0
    ],
    "info_id": "32534235001703013738",
    "prev_id": "326625363019831701",
    "next_id": "2983715682203455847",
    "data": {
      "dialogue_type": "Topic",
      "disposition": 0,
      "speaker_rank": -1,
      "speaker_sex": "Any",
      "player_rank": -1
    },
    "speaker_id": "fargoth",
    "text": "Kevaar what? He found a ring? It's my ring, I'm sure of it! Please give it to me",
    "filters": [
      {
        "slot": "Slot0",
        "filter_type": "Journal",
        "filter_function": "JournalType",
        "filter_comparison": "Equal",
        "id": "TR_KevaarShiny",
        "value": {
          "Integer": 10
        }
      }
    ],
    "result": "Journal \"TR_KevaarShiny\" 50"
  },
  {
    "type": "Info",
    "flags": [
      0,
      0
    ],
    "info_id": "2983715682203455847",
    "prev_id": "32534235001703013738",
    "next_id": "22349268912891522945",
    "data": {
      "dialogue_type": "Topic",
      "disposition": 0,
      "speaker_rank": -1,
      "speaker_sex": "Any",
      "player_rank": -1
    },
    "speaker_cell": "Seyda Neen",
    "text": "I'm glad you found out who owned the ring. Has Kevaar given it back yet?",
    "filters": [
      {
        "slot": "Slot0",
        "filter_type": "Journal",
        "filter_function": "JournalType",
        "filter_comparison": "Equal",
        "id": "TR_KevaarShiny",
        "value": {
          "Integer": 50
        }
      }
    ]
  },
  {
    "type": "Info",
    "flags": [
      0,
      0
    ],
    "info_id": "22349268912891522945",
    "prev_id": "2983715682203455847",
    "next_id": "",
    "data": {
      "dialogue_type": "Topic",
      "disposition": 0,
      "speaker_rank": -1,
      "speaker_sex": "Any",
      "player_rank": -1
    },
    "speaker_cell": "Seyda Neen",
    "text": "I hear Fargoth has lost a ring recently. Why don't you ask him?",
    "filters": [
      {
        "slot": "Slot0",
        "filter_type": "Journal",
        "filter_function": "JournalType",
        "filter_comparison": "Equal",
        "id": "TR_KevaarShiny",
        "value": {
          "Integer": 10
        }
      }
    ]
  },
  {
    "type": "Dialogue",
    "flags": [
      0,
      0
    ],
    "id": "Greeting 1",
    "dialogue_type": "Greeting"
  },
  {
    "type": "Info",
    "flags": [
      0,
      0
    ],
    "info_id": "44537760215605786",
    "prev_id": "20481194642735427051",
    "next_id": "1215227585220936854",
    "data": {
      "dialogue_type": "Greeting",
      "disposition": 0,
      "speaker_rank": -1,
      "speaker_sex": "Any",
      "player_rank": -1
    },
    "speaker_id": "TR_Kevaar",
    "text": "Help! Help! Oh, by the Daedra and the Tribunal above them, someone get that thing away from me!",
    "filters": [
      {
        "slot": "Slot0",
        "filter_type": "Journal",
        "filter_function": "JournalType",
        "filter_comparison": "Equal",
        "id": "TR_KevaarShiny",
        "value": {
          "Integer": 52
        }
      }
    ],
    "result": "Goodbye"
  },
  {
    "type": "Dialogue",
    "flags": [
      0,
      0
    ],
    "id": "Greeting 5",
    "dialogue_type": "Greeting"
  },
  {
    "type": "Info",
    "flags": [
      0,
      0
    ],
    "info_id": "20095126702580628450",
    "prev_id": "3223324127987614626",
    "next_id": "32558758388725966",
    "data": {
      "dialogue_type": "Greeting",
      "disposition": 0,
      "speaker_rank": -1,
      "speaker_sex": "Any",
      "player_rank": -1
    },
    "speaker_id": "TR_Kevaar",
    "text": "Hello! You've come back! Did you find the owner of the ring I found?",
    "filters": [
      {
        "slot": "Slot0",
        "filter_type": "Journal",
        "filter_function": "JournalType",
        "filter_comparison": "Equal",
        "id": "TR_KevaarShiny",
        "value": {
          "Integer": 50
        }
      }
    ]
  },
  {
    "type": "Info",
    "flags": [
      0,
      0
    ],
    "info_id": "32558758388725966",
    "prev_id": "20095126702580628450",
    "next_id": "10846297472227562",
    "data": {
      "dialogue_type": "Greeting",
      "disposition": 0,
      "speaker_rank": -1,
      "speaker_sex": "Any",
      "player_rank": -1
    },
    "speaker_id": "TR_Kevaar",
    "text": "Hello there! My name is Kevaar. I'm new here just like you, but I've already found some great shinies. Look at this ring I found! See how it glitters?",
    "filters": [
      {
        "slot": "Slot0",
        "filter_type": "Journal",
        "filter_function": "JournalType",
        "filter_comparison": "Less",
        "id": "TR_KevaarShiny",
        "value": {
          "Integer": 10
        }
      }
    ]
  },
  {
    "type": "Dialogue",
    "flags": [
      0,
      0
    ],
    "id": "shinies",
    "dialogue_type": "Topic"
  },
  {
    "type": "Info",
    "flags": [
      0,
      0
    ],
    "info_id": "10406309221904317353",
    "prev_id": "",
    "next_id": "",
    "data": {
      "dialogue_type": "Topic",
      "disposition": 0,
      "speaker_rank": -1,
      "speaker_sex": "Any",
      "player_rank": -1
    },
    "speaker_id": "TR_Kevaar",
    "text": "I simply love shinies! There are so many different kinds. Some of them are more expensive to get than others, but I think a well-polished pauldron or bot of quartz is just as nice as an extravagant ring or diamond. Don't you?",
    "filters": []
  }
]